sku,location,stock_count,reorder_point,last_restocked_at
CL-00001,Warehouse-Bengaluru,25,5,2026-07-28
CL-00002,Warehouse-Mumbai,42,6,2026-04-03
CL-00003,Store-Indiranagar,217,32,2026-07-26
CL-00004,Warehouse-Bengaluru,37,5,2026-06-23
CL-00005,Warehouse-Bengaluru,9,5,2026-06-10
CL-00006,Warehouse-Bengaluru,30,5,2026-03-17
CL-00007,Warehouse-Bengaluru,20,5,2026-07-20
CL-00008,Store-Koramangala,216,32,2026-06-04
CL-00009,Store-Koramangala,18,5,2026-06-09
CL-00010,Warehouse-Mumbai,21,5,2026-07-07
CL-00011,Store-Koramangala,47,7,2026-04-14
CL-00012,Warehouse-Bengaluru,25,5,2026-08-07
CL-00013,Warehouse-Bengaluru,162,24,2026-03-25
CL-00014,Store-Koramangala,18,5,2026-07-07
CL-00015,Warehouse-Bengaluru,27,5,2026-06-08
CL-00016,Store-Koramangala,28,5,2026-06-30
CL-00017,Store-Koramangala,33,5,2026-03-27
CL-00018,Store-Koramangala,5,5,2026-07-14
CL-00019,Store-Koramangala,13,5,2026-07-11
CL-00020,Store-Indiranagar,11,5,2026-06-01
CL-00021,Store-Indiranagar,23,5,2026-05-14
CL-00022,Store-Koramangala,18,5,2026-04-02
CL-00023,Store-Koramangala,36,5,2026-07-27
CL-00024,Warehouse-Mumbai,10,5,2026-05-31
CL-00025,Warehouse-Bengaluru,7,5,2026-05-16
CL-00026,Store-Indiranagar,54,8,2026-06-03
CL-00027,Warehouse-Mumbai,15,5,2026-03-21
CL-00028,Warehouse-Mumbai,50,7,2026-03-19
CL-00029,Warehouse-Bengaluru,5,5,2026-07-21
CL-00030,Store-Indiranagar,49,7,2026-03-23
CL-00031,Store-Koramangala,7,5,2026-03-13
CL-00032,Store-Indiranagar,40,6,2026-04-21
CL-00033,Warehouse-Bengaluru,13,5,2026-05-23
CL-00034,Warehouse-Bengaluru,28,5,2026-05-10
CL-00035,Store-Indiranagar,18,5,2026-07-14
CL-00036,Warehouse-Mumbai,27,5,2026-07-01
CL-00037,Store-Indiranagar,20,5,2026-06-25
CL-00038,Warehouse-Bengaluru,31,5,2026-06-25
CL-00039,Store-Koramangala,52,7,2026-04-26
CL-00040,Store-Indiranagar,56,8,2026-06-02
CL-00041,Warehouse-Bengaluru,15,5,2026-05-04
CL-00042,Warehouse-Bengaluru,60,9,2026-04-11
CL-00043,Store-Indiranagar,19,5,2026-04-14
CL-00044,Store-Koramangala,27,5,2026-06-12
CL-00045,Warehouse-Bengaluru,19,5,2026-06-21
CL-00046,Store-Koramangala,30,5,2026-05-30
CL-00047,Warehouse-Bengaluru,60,9,2026-05-30
CL-00048,Warehouse-Mumbai,27,5,2026-03-25
CL-00049,Warehouse-Bengaluru,26,5,2026-07-11
CL-00050,Store-Indiranagar,21,5,2026-03-14
CL-00051,Warehouse-Bengaluru,21,5,2026-07-13
CL-00052,Warehouse-Mumbai,43,6,2026-05-13
CL-00053,Store-Koramangala,51,7,2026-04-20
CL-00054,Warehouse-Bengaluru,43,6,2026-05-03
CL-00055,Store-Indiranagar,41,6,2026-06-05
CL-00056,Warehouse-Mumbai,7,5,2026-08-09
CL-00057,Store-Indiranagar,38,5,2026-05-08
CL-00058,Warehouse-Bengaluru,32,5,2026-05-17
CL-00059,Store-Koramangala,44,6,2026-07-09
CL-00060,Store-Koramangala,51,7,2026-04-02
CL-00061,Store-Koramangala,6,5,2026-04-28
CL-00062,Store-Indiranagar,4,5,2026-06-21
CL-00063,Store-Indiranagar,6,5,2026-03-17
CL-00064,Warehouse-Bengaluru,6,5,2026-05-24
CL-00065,Warehouse-Mumbai,3,5,2026-03-14
CL-00066,Warehouse-Mumbai,5,5,2026-04-18
CL-00067,Warehouse-Mumbai,3,5,2026-06-27
CL-00068,Store-Koramangala,1,5,2026-03-31
CL-00069,Warehouse-Bengaluru,5,5,2026-06-10
CL-00070,Store-Indiranagar,4,5,2026-06-20
CL-00071,Warehouse-Bengaluru,0,5,2026-06-08
CL-00072,Warehouse-Mumbai,1,5,2026-04-25
CL-00073,Warehouse-Mumbai,3,5,2026-04-05
CL-00074,Store-Indiranagar,3,5,2026-08-08
CL-00075,Warehouse-Mumbai,1,5,2026-06-14
CL-00076,Warehouse-Mumbai,16,5,2026-07-28
CL-00077,Store-Indiranagar,40,6,2026-07-09
CL-00078,Store-Indiranagar,34,5,2026-04-13
CL-00079,Store-Koramangala,47,7,2026-04-18
CL-00080,Warehouse-Mumbai,44,6,2026-03-22
CL-00081,Store-Indiranagar,33,5,2026-04-10
CL-00082,Store-Koramangala,33,5,2026-06-07
CL-00083,Store-Koramangala,58,8,2026-03-29
CL-00084,Store-Indiranagar,36,5,2026-05-31
CL-00085,Warehouse-Bengaluru,33,5,2026-05-28
CL-00086,Store-Koramangala,20,5,2026-05-16
CL-00087,Warehouse-Bengaluru,25,5,2026-07-05
CL-00088,Store-Indiranagar,14,5,2026-05-03
CL-00089,Store-Indiranagar,49,7,2026-06-16
CL-00090,Warehouse-Mumbai,9,5,2026-04-27
CL-00091,Warehouse-Mumbai,26,5,2026-04-25
CL-00092,Store-Indiranagar,8,5,2026-04-24
CL-00093,Warehouse-Bengaluru,29,5,2026-03-15
CL-00094,Warehouse-Mumbai,29,5,2026-08-08
CL-00095,Store-Koramangala,27,5,2026-05-02
CL-00096,Warehouse-Mumbai,59,8,2026-03-25
CL-00097,Store-Indiranagar,52,7,2026-04-07
CL-00098,Store-Koramangala,19,5,2026-04-20
CL-00099,Warehouse-Bengaluru,36,5,2026-05-02
CL-00100,Warehouse-Mumbai,26,5,2026-06-28
CL-00101,Warehouse-Mumbai,58,8,2026-07-08
CL-00102,Warehouse-Bengaluru,44,6,2026-05-01
CL-00103,Warehouse-Bengaluru,42,6,2026-07-19
CL-00104,Warehouse-Mumbai,46,6,2026-07-06
CL-00105,Warehouse-Mumbai,60,9,2026-06-24
CL-00106,Store-Koramangala,8,5,2026-05-04
CL-00107,Store-Indiranagar,25,5,2026-04-15
CL-00108,Store-Koramangala,25,5,2026-05-04
CL-00109,Warehouse-Mumbai,22,5,2026-06-06
CL-00110,Warehouse-Bengaluru,58,8,2026-04-11
CL-00111,Warehouse-Bengaluru,6,5,2026-05-12
CL-00112,Warehouse-Bengaluru,19,5,2026-07-30
CL-00113,Warehouse-Bengaluru,53,7,2026-06-07
CL-00114,Warehouse-Bengaluru,17,5,2026-07-01
CL-00115,Store-Indiranagar,20,5,2026-04-10
CL-00116,Warehouse-Bengaluru,47,7,2026-03-18
CL-00117,Warehouse-Mumbai,18,5,2026-06-05
CL-00118,Store-Koramangala,54,8,2026-06-28
CL-00119,Warehouse-Bengaluru,43,6,2026-06-29
CL-00120,Warehouse-Bengaluru,24,5,2026-03-14
