event_id,sku,units_sold,sale_date,channel
SE-000001,CL-00002,4,2026-05-29,Online
SE-000002,CL-00002,2,2026-04-12,In-Store
SE-000003,CL-00003,2,2026-05-14,In-Store
SE-000004,CL-00003,3,2026-05-13,Marketplace
SE-000005,CL-00003,1,2026-05-26,Marketplace
SE-000006,CL-00003,1,2026-05-02,Online
SE-000007,CL-00004,3,2026-06-17,In-Store
SE-000008,CL-00004,3,2026-06-07,In-Store
SE-000009,CL-00004,4,2026-04-24,Online
SE-000010,CL-00004,4,2026-07-28,Online
SE-000011,CL-00005,4,2026-04-18,Marketplace
SE-000012,CL-00005,4,2026-07-22,In-Store
SE-000013,CL-00005,5,2026-05-09,Marketplace
SE-000014,CL-00005,5,2026-07-07,Marketplace
SE-000015,CL-00005,4,2026-05-03,Online
SE-000016,CL-00006,5,2026-04-27,Online
SE-000017,CL-00006,2,2026-06-30,In-Store
SE-000018,CL-00006,4,2026-07-06,In-Store
SE-000019,CL-00007,5,2026-06-12,Marketplace
SE-000020,CL-00007,4,2026-05-17,Online
SE-000021,CL-00007,4,2026-08-07,Online
SE-000022,CL-00007,4,2026-07-18,In-Store
SE-000023,CL-00007,3,2026-06-26,Online
SE-000024,CL-00007,5,2026-07-06,Marketplace
SE-000025,CL-00008,1,2026-05-31,Marketplace
SE-000026,CL-00008,1,2026-07-17,In-Store
SE-000027,CL-00009,4,2026-06-19,Marketplace
SE-000028,CL-00009,2,2026-05-05,Marketplace
SE-000029,CL-00009,4,2026-06-11,Online
SE-000030,CL-00009,1,2026-05-01,In-Store
SE-000031,CL-00009,2,2026-07-04,Online
SE-000032,CL-00010,3,2026-07-10,Marketplace
SE-000033,CL-00010,3,2026-05-28,Online
SE-000034,CL-00010,5,2026-06-01,Online
SE-000035,CL-00010,5,2026-06-17,Online
SE-000036,CL-00010,4,2026-06-26,Online
SE-000037,CL-00011,2,2026-07-09,In-Store
SE-000038,CL-00011,2,2026-05-10,Online
SE-000039,CL-00013,2,2026-06-03,In-Store
SE-000040,CL-00013,4,2026-07-14,Online
SE-000041,CL-00013,5,2026-05-10,Marketplace
SE-000042,CL-00013,3,2026-05-26,In-Store
SE-000043,CL-00013,2,2026-04-26,Online
SE-000044,CL-00014,2,2026-06-25,Online
SE-000045,CL-00016,2,2026-06-03,Online
SE-000046,CL-00016,1,2026-08-05,Marketplace
SE-000047,CL-00016,2,2026-07-04,Marketplace
SE-000048,CL-00016,4,2026-04-21,In-Store
SE-000049,CL-00016,1,2026-04-21,Marketplace
SE-000050,CL-00017,4,2026-06-11,Online
SE-000051,CL-00017,2,2026-06-28,In-Store
SE-000052,CL-00018,4,2026-04-12,In-Store
SE-000053,CL-00018,1,2026-04-27,Online
SE-000054,CL-00019,5,2026-08-01,Marketplace
SE-000055,CL-00019,1,2026-05-15,In-Store
SE-000056,CL-00019,5,2026-07-22,Online
SE-000057,CL-00021,5,2026-07-26,Online
SE-000058,CL-00022,5,2026-05-26,In-Store
SE-000059,CL-00022,5,2026-05-03,Online
SE-000060,CL-00022,4,2026-06-14,Online
SE-000061,CL-00022,5,2026-04-22,Online
SE-000062,CL-00023,5,2026-05-30,In-Store
SE-000063,CL-00023,1,2026-05-24,In-Store
SE-000064,CL-00024,3,2026-07-14,Marketplace
SE-000065,CL-00024,2,2026-07-31,In-Store
SE-000066,CL-00024,5,2026-07-19,In-Store
SE-000067,CL-00024,1,2026-07-21,Online
SE-000068,CL-00024,5,2026-06-14,Online
SE-000069,CL-00025,2,2026-08-06,Online
SE-000070,CL-00025,3,2026-05-12,Marketplace
SE-000071,CL-00026,1,2026-06-13,Marketplace
SE-000072,CL-00026,3,2026-07-12,Marketplace
SE-000073,CL-00026,2,2026-05-27,Online
SE-000074,CL-00026,5,2026-07-27,In-Store
SE-000075,CL-00026,2,2026-05-20,Online
SE-000076,CL-00026,2,2026-04-27,In-Store
SE-000077,CL-00028,3,2026-05-01,Marketplace
SE-000078,CL-00029,5,2026-04-27,Online
SE-000079,CL-00029,1,2026-06-15,Online
SE-000080,CL-00029,3,2026-05-14,Marketplace
SE-000081,CL-00029,3,2026-06-20,Marketplace
SE-000082,CL-00029,4,2026-06-02,Online
SE-000083,CL-00031,4,2026-08-05,Marketplace
SE-000084,CL-00031,5,2026-06-30,Online
SE-000085,CL-00031,1,2026-08-07,In-Store
SE-000086,CL-00031,5,2026-05-16,Marketplace
SE-000087,CL-00033,3,2026-05-16,Marketplace
SE-000088,CL-00033,2,2026-08-05,Online
SE-000089,CL-00033,4,2026-06-05,Online
SE-000090,CL-00033,5,2026-07-18,Online
SE-000091,CL-00033,4,2026-05-21,In-Store
SE-000092,CL-00033,3,2026-06-11,Online
SE-000093,CL-00034,1,2026-06-30,In-Store
SE-000094,CL-00034,4,2026-06-29,Marketplace
SE-000095,CL-00035,4,2026-07-05,Marketplace
SE-000096,CL-00035,4,2026-08-06,In-Store
SE-000097,CL-00035,3,2026-07-01,Online
SE-000098,CL-00037,5,2026-06-20,In-Store
SE-000099,CL-00037,5,2026-05-18,Online
SE-000100,CL-00037,1,2026-06-19,In-Store
SE-000101,CL-00037,3,2026-06-05,Marketplace
SE-000102,CL-00037,4,2026-05-06,Marketplace
SE-000103,CL-00037,1,2026-06-15,In-Store
SE-000104,CL-00038,2,2026-06-01,Online
SE-000105,CL-00038,4,2026-06-15,In-Store
SE-000106,CL-00040,2,2026-05-25,Marketplace
SE-000107,CL-00040,3,2026-07-21,Marketplace
SE-000108,CL-00040,5,2026-08-09,Online
SE-000109,CL-00040,2,2026-07-30,In-Store
SE-000110,CL-00040,1,2026-06-12,Marketplace
SE-000111,CL-00041,4,2026-07-22,Marketplace
SE-000112,CL-00041,5,2026-07-04,Marketplace
SE-000113,CL-00041,4,2026-07-07,Online
SE-000114,CL-00041,2,2026-06-11,Online
SE-000115,CL-00041,2,2026-06-01,Online
SE-000116,CL-00041,5,2026-07-17,Marketplace
SE-000117,CL-00042,2,2026-04-20,In-Store
SE-000118,CL-00042,4,2026-07-06,Online
SE-000119,CL-00042,5,2026-04-13,Online
SE-000120,CL-00042,1,2026-04-27,Online
SE-000121,CL-00042,3,2026-05-10,Marketplace
SE-000122,CL-00043,4,2026-05-18,In-Store
SE-000123,CL-00043,5,2026-06-14,Online
SE-000124,CL-00043,3,2026-06-27,Marketplace
SE-000125,CL-00043,5,2026-05-05,Online
SE-000126,CL-00044,3,2026-04-13,In-Store
SE-000127,CL-00044,2,2026-05-13,Marketplace
SE-000128,CL-00044,2,2026-06-22,Online
SE-000129,CL-00046,4,2026-05-07,Marketplace
SE-000130,CL-00046,4,2026-04-16,Online
SE-000131,CL-00047,2,2026-05-01,Online
SE-000132,CL-00047,2,2026-08-06,Marketplace
SE-000133,CL-00047,3,2026-05-27,In-Store
SE-000134,CL-00047,4,2026-04-21,In-Store
SE-000135,CL-00047,4,2026-06-04,In-Store
SE-000136,CL-00048,4,2026-07-23,Marketplace
SE-000137,CL-00048,1,2026-07-22,Online
SE-000138,CL-00048,3,2026-05-02,Online
SE-000139,CL-00048,4,2026-05-23,Marketplace
SE-000140,CL-00048,3,2026-07-31,Marketplace
SE-000141,CL-00049,4,2026-06-03,Online
SE-000142,CL-00049,4,2026-05-22,Marketplace
SE-000143,CL-00049,5,2026-08-06,In-Store
SE-000144,CL-00049,3,2026-07-11,In-Store
SE-000145,CL-00049,1,2026-05-07,Online
SE-000146,CL-00049,1,2026-07-29,Online
SE-000147,CL-00050,3,2026-05-14,In-Store
SE-000148,CL-00052,1,2026-05-01,Online
SE-000149,CL-00052,3,2026-06-26,Online
SE-000150,CL-00053,5,2026-07-10,Online
SE-000151,CL-00054,2,2026-05-15,In-Store
SE-000152,CL-00054,1,2026-07-19,Marketplace
SE-000153,CL-00054,4,2026-04-21,Marketplace
SE-000154,CL-00054,2,2026-05-15,Online
SE-000155,CL-00055,2,2026-07-23,Online
SE-000156,CL-00055,3,2026-05-21,Online
SE-000157,CL-00055,1,2026-07-09,Online
SE-000158,CL-00055,3,2026-04-17,Marketplace
SE-000159,CL-00056,1,2026-07-21,Online
SE-000160,CL-00056,3,2026-04-12,Marketplace
SE-000161,CL-00056,4,2026-07-03,Marketplace
SE-000162,CL-00056,4,2026-07-09,Online
SE-000163,CL-00057,4,2026-06-22,In-Store
SE-000164,CL-00058,5,2026-06-23,Online
SE-000165,CL-00059,3,2026-07-04,In-Store
SE-000166,CL-00059,4,2026-04-26,Online
SE-000167,CL-00059,5,2026-08-09,Marketplace
SE-000168,CL-00059,1,2026-05-03,Marketplace
SE-000169,CL-00060,3,2026-06-08,In-Store
SE-000170,CL-00060,3,2026-05-25,In-Store
SE-000171,CL-00060,2,2026-05-21,Marketplace
SE-000172,CL-00060,2,2026-07-09,Marketplace
SE-000173,CL-00060,1,2026-07-29,Online
SE-000174,CL-00076,1,2026-06-15,Marketplace
SE-000175,CL-00076,2,2026-06-25,In-Store
SE-000176,CL-00076,3,2026-04-16,Online
SE-000177,CL-00076,4,2026-05-07,In-Store
SE-000178,CL-00076,2,2026-07-16,Marketplace
SE-000179,CL-00076,3,2026-04-20,Marketplace
SE-000180,CL-00077,3,2026-04-16,In-Store
SE-000181,CL-00077,4,2026-07-09,Online
SE-000182,CL-00077,3,2026-05-07,In-Store
SE-000183,CL-00077,1,2026-06-12,In-Store
SE-000184,CL-00078,4,2026-07-13,Marketplace
SE-000185,CL-00078,1,2026-06-25,Online
SE-000186,CL-00078,3,2026-08-09,Marketplace
SE-000187,CL-00078,4,2026-07-26,Online
SE-000188,CL-00078,3,2026-05-16,Marketplace
SE-000189,CL-00078,3,2026-06-23,In-Store
SE-000190,CL-00079,4,2026-07-12,In-Store
SE-000191,CL-00079,5,2026-05-23,Online
SE-000192,CL-00079,5,2026-04-15,In-Store
SE-000193,CL-00079,1,2026-05-20,Marketplace
SE-000194,CL-00079,4,2026-04-27,Marketplace
SE-000195,CL-00080,4,2026-05-19,In-Store
SE-000196,CL-00080,1,2026-07-24,In-Store
SE-000197,CL-00081,1,2026-06-08,In-Store
SE-000198,CL-00081,5,2026-07-11,In-Store
SE-000199,CL-00082,3,2026-06-13,Marketplace
SE-000200,CL-00082,5,2026-05-07,Online
SE-000201,CL-00082,2,2026-05-27,Online
SE-000202,CL-00083,4,2026-07-29,Marketplace
SE-000203,CL-00083,3,2026-06-19,In-Store
SE-000204,CL-00083,3,2026-05-14,In-Store
SE-000205,CL-00083,4,2026-06-15,In-Store
SE-000206,CL-00083,3,2026-04-23,In-Store
SE-000207,CL-00084,5,2026-06-24,Marketplace
SE-000208,CL-00084,1,2026-06-26,Online
SE-000209,CL-00084,2,2026-07-06,In-Store
SE-000210,CL-00084,4,2026-04-24,In-Store
SE-000211,CL-00084,2,2026-05-18,Marketplace
SE-000212,CL-00085,1,2026-05-26,In-Store
SE-000213,CL-00085,3,2026-05-02,In-Store
SE-000214,CL-00085,5,2026-07-25,In-Store
SE-000215,CL-00085,5,2026-08-02,In-Store
SE-000216,CL-00085,2,2026-05-27,In-Store
SE-000217,CL-00086,2,2026-05-03,Marketplace
SE-000218,CL-00086,3,2026-08-10,In-Store
SE-000219,CL-00087,3,2026-06-02,In-Store
SE-000220,CL-00089,1,2026-04-22,In-Store
SE-000221,CL-00089,3,2026-08-09,In-Store
SE-000222,CL-00089,3,2026-05-27,In-Store
SE-000223,CL-00089,3,2026-07-19,In-Store
SE-000224,CL-00089,4,2026-07-25,Marketplace
SE-000225,CL-00091,4,2026-08-02,Online
SE-000226,CL-00091,3,2026-05-03,Marketplace
SE-000227,CL-00091,1,2026-05-27,Online
SE-000228,CL-00091,2,2026-06-07,Marketplace
SE-000229,CL-00091,5,2026-08-05,Online
SE-000230,CL-00092,1,2026-05-20,In-Store
SE-000231,CL-00092,4,2026-06-10,Online
SE-000232,CL-00092,1,2026-05-15,Online
SE-000233,CL-00093,4,2026-04-16,In-Store
SE-000234,CL-00093,1,2026-04-17,Online
SE-000235,CL-00093,2,2026-05-25,In-Store
SE-000236,CL-00093,3,2026-07-25,Marketplace
SE-000237,CL-00093,5,2026-05-21,Marketplace
SE-000238,CL-00094,4,2026-06-30,Marketplace
SE-000239,CL-00094,3,2026-06-04,Online
SE-000240,CL-00094,5,2026-06-07,Online
SE-000241,CL-00094,1,2026-07-29,Marketplace
SE-000242,CL-00094,5,2026-05-19,Marketplace
SE-000243,CL-00095,4,2026-07-14,Online
SE-000244,CL-00095,2,2026-04-19,Online
SE-000245,CL-00095,4,2026-06-28,Online
SE-000246,CL-00095,1,2026-06-18,Online
SE-000247,CL-00095,3,2026-06-17,Marketplace
SE-000248,CL-00095,3,2026-07-09,In-Store
SE-000249,CL-00096,4,2026-04-14,In-Store
SE-000250,CL-00096,1,2026-07-30,In-Store
SE-000251,CL-00096,1,2026-06-16,Marketplace
SE-000252,CL-00096,3,2026-05-08,In-Store
SE-000253,CL-00096,1,2026-05-31,Marketplace
SE-000254,CL-00097,3,2026-05-31,Marketplace
SE-000255,CL-00097,4,2026-07-26,Online
SE-000256,CL-00097,4,2026-04-21,Marketplace
SE-000257,CL-00097,3,2026-08-04,Marketplace
SE-000258,CL-00098,1,2026-06-26,Marketplace
SE-000259,CL-00098,2,2026-06-07,In-Store
SE-000260,CL-00099,2,2026-06-10,In-Store
SE-000261,CL-00099,5,2026-06-27,Online
SE-000262,CL-00099,3,2026-07-27,Marketplace
SE-000263,CL-00099,4,2026-07-13,Marketplace
SE-000264,CL-00099,5,2026-05-04,Marketplace
SE-000265,CL-00100,5,2026-05-20,In-Store
SE-000266,CL-00100,3,2026-05-25,In-Store
SE-000267,CL-00100,3,2026-07-18,Marketplace
SE-000268,CL-00100,3,2026-05-05,Online
SE-000269,CL-00100,1,2026-06-27,In-Store
SE-000270,CL-00101,5,2026-07-23,Marketplace
SE-000271,CL-00101,1,2026-06-20,In-Store
SE-000272,CL-00101,1,2026-05-08,In-Store
SE-000273,CL-00101,5,2026-05-07,In-Store
SE-000274,CL-00101,4,2026-06-23,Online
SE-000275,CL-00101,2,2026-06-28,Online
SE-000276,CL-00102,3,2026-05-10,Marketplace
SE-000277,CL-00102,1,2026-05-26,In-Store
SE-000278,CL-00103,5,2026-07-21,In-Store
SE-000279,CL-00104,3,2026-07-31,Online
SE-000280,CL-00104,4,2026-05-18,Online
SE-000281,CL-00104,4,2026-05-25,Online
SE-000282,CL-00104,2,2026-07-07,Marketplace
SE-000283,CL-00104,3,2026-07-27,Online
SE-000284,CL-00106,5,2026-05-16,Online
SE-000285,CL-00106,3,2026-06-04,In-Store
SE-000286,CL-00107,5,2026-06-21,In-Store
SE-000287,CL-00109,2,2026-07-03,In-Store
SE-000288,CL-00110,3,2026-07-09,Online
SE-000289,CL-00110,1,2026-07-26,Online
SE-000290,CL-00110,4,2026-05-07,In-Store
SE-000291,CL-00110,4,2026-07-25,Marketplace
SE-000292,CL-00110,2,2026-05-12,Marketplace
SE-000293,CL-00110,3,2026-05-31,In-Store
SE-000294,CL-00111,1,2026-04-22,Online
SE-000295,CL-00111,4,2026-08-08,In-Store
SE-000296,CL-00111,3,2026-04-22,Marketplace
SE-000297,CL-00112,4,2026-05-29,Marketplace
SE-000298,CL-00112,4,2026-05-21,Online
SE-000299,CL-00112,4,2026-07-27,In-Store
SE-000300,CL-00113,5,2026-07-20,Online
SE-000301,CL-00113,3,2026-04-26,In-Store
SE-000302,CL-00114,1,2026-04-24,In-Store
SE-000303,CL-00114,5,2026-06-16,Online
SE-000304,CL-00114,1,2026-06-04,Online
SE-000305,CL-00115,3,2026-07-02,In-Store
SE-000306,CL-00115,2,2026-06-29,In-Store
SE-000307,CL-00115,1,2026-06-06,Marketplace
SE-000308,CL-00115,2,2026-06-06,Online
SE-000309,CL-00115,2,2026-06-27,In-Store
SE-000310,CL-00115,2,2026-07-28,Online
SE-000311,CL-00116,5,2026-07-19,In-Store
SE-000312,CL-00117,1,2026-05-05,In-Store
SE-000313,CL-00117,4,2026-05-04,Online
SE-000314,CL-00117,5,2026-05-06,Marketplace
SE-000315,CL-00117,5,2026-06-14,Marketplace
SE-000316,CL-00117,5,2026-05-21,Online
SE-000317,CL-00117,3,2026-04-22,In-Store
SE-000318,CL-00118,4,2026-08-02,Online
SE-000319,CL-00118,3,2026-05-22,Online
SE-000320,CL-00118,1,2026-05-27,Online
SE-000321,CL-00119,3,2026-08-01,Online
SE-000322,CL-00119,1,2026-06-14,In-Store
SE-000323,CL-00119,3,2026-06-24,In-Store
SE-000324,CL-00119,1,2026-05-20,Marketplace
SE-000325,CL-00120,4,2026-06-07,Online
SE-000326,CL-00120,5,2026-05-28,Marketplace
SE-000327,CL-00120,1,2026-04-18,Online
SE-000328,CL-00120,5,2026-04-16,Marketplace
